<?xml version="1.0"?>
<Results version="1.0">
<ReportNode type="testrun">
<ReportNode type="Iteration">
<ReportNode type="Action">
<ReportNode type="Step">
<Data>
    <Name>Expected statement</Name>
    <ErrorText>Expected statement</ErrorText>
    <Description>&lt;BR/&gt;Line (1): &amp;quot;1=2&amp;quot;.</Description>
    <StartTime>2016-10-15 05:47:27</StartTime>
    <Result>Failed</Result>
    <Extension>
      <IconKey>845876e64d8f4a239140a4864d46fb96</IconKey>
      <IsPlainTextNodeName>True</IsPlainTextNodeName>
      <MergeIsErrorIcon>True</MergeIsErrorIcon>
    </Extension>
  </Data>
</ReportNode>
<ReportNode type="Step">
<Data>
    <Name>Stop Run</Name>
    <Description>Run stopped by user.</Description>
    <StartTime>2016-10-15 05:47:32</StartTime>
    <Result>Information</Result>
    <Extension>
      <IconKey>c4989a92efd944e9a4436ab24377c8a8</IconKey>
      <IsPlainTextNodeName>True</IsPlainTextNodeName>
    </Extension>
  </Data>
</ReportNode>
<Data>
    <Name>Action1</Name>
    <Description />
    <StartTime>2016-10-15 05:47:27</StartTime>
    <Duration>5</Duration>
    <Result>Failed</Result>
    <InputParameters />
    <Extension>
      <IconKey>d9e87d5ed3714eecb05f68892b0c3d84</IconKey>
      <IsPlainTextNodeName>True</IsPlainTextNodeName>
    </Extension>
  </Data>
</ReportNode>
<Data>
    <Name>Action0</Name>
    <Description />
    <StartTime>2016-10-15 05:47:05</StartTime>
    <Duration>27</Duration>
    <Result>Failed</Result>
    <Extension>
      <IconKey>313294be8d324de4bd6c3f8f4fe3d71c</IconKey>
      <IsPlainTextNodeName>True</IsPlainTextNodeName>
    </Extension>
    <Index>1</Index>
    <TestedApplications>
      <TestedApplication>
        <RuntimeEngineInfo />
        <Name>Mozilla Firefox</Name>
        <Path>C:\Program Files (x86)\Mozilla Firefox\firefox.exe</Path>
        <Version />
        <Technology>web</Technology>
        <Reserved />
        <AdditionalInfos>
          <Info>http://www.qmetry.com</Info>
        </AdditionalInfos>
      </TestedApplication>
    </TestedApplications>
  </Data>
</ReportNode>
<Data>
    <Name>QMetryTest</Name>
    <ToolName>HP Unified Functional Testing</ToolName>
    <ToolVersion>12.54</ToolVersion>
    <Description />
    <StartTime>2016-10-15 05:46:59</StartTime>
    <Duration>33</Duration>
    <Result>Failed</Result>
    <InputParameters />
    <Extension>
      <IconKey>72cd89035114417595e260b4252effd0</IconKey>
      <IsPlainTextNodeName>True</IsPlainTextNodeName>
    </Extension>
    <Environment>
      <Timezone>+05:30:00</Timezone>
      <Locale>English (United States)</Locale>
      <User>INFOSTRETCH\ketan.parekh</User>
      <CpuInfo>Intel(R) Core(TM) i5-3230M CPU @ 2.60GHz</CpuInfo>
      <NumberOfCores>4</NumberOfCores>
      <TotalMemory>8061</TotalMemory>
      <HostName>ICPL10449</HostName>
      <OSInfo>Windows 10</OSInfo>
    </Environment>
    <TestedApplications />
    <Links>
      <Link type="DataTable" reference="Default.xls" displayname="Default Data Table" />
    </Links>
  </Data>
</ReportNode>
<GeneralInfo>
    <ResultName>Res4</ResultName>
    <RunStartTime>2016-10-15 05:46:59</RunStartTime>
    <Timezone>+05:30:00</Timezone>
    <OrchestrationToolName>HP Unified Functional Testing</OrchestrationToolName>
    <OrchestrationToolVersion>12.54</OrchestrationToolVersion>
  </GeneralInfo>
</Results>